{
  "locale": "de",
  "titles": {
    "home": "Heim",
    "grid":"Grid-Client-Seite",
    "grid2":"Grid-Client-Seite2",
    "grid-server-side":"Grid-Server-Seite",
    "localize": "Lokalisieren",
    "lazy": "Faul",
    "subLazy": "Noch ein Fauler",
    "charts": "Diagramme"
  },
  "translations": {
    "appLocalizeComplex": "App-Lokalisierungskomplex",
    "appLocalizeComplex2": "App-Lokalisierungskomplex 2 {interpolation1} and {interpolation2}",
    "gridOptions": "Rasteroptionen",
    "gridServerSide": "Grid-Server-Seite",
    "search": "Suche",
    "globalHeader": "Heute ist {dateToday}",
    "clientSide": "Client-Seite",
    "serverSide": "Serverseite",
    "dashboard": "Armaturenbrett",
    "grids": "Gitter",
    "lazy": "Faul",
    "applications": "Anwendungen",
    "usersMngt": "Benutzerverwaltung",
    "tests": "Prüfen",
    "configs": "Konfigurationen",
    "grid": "Netz",
    "gridContextView": "Artikel anzeigen",
    "interpolation1": "DE Hallo, Welt! {normalVariable}",
    "interpolation2": "DE Zu übersetzende Zeichenfolge {translateVariable}",
    "helloNgx": "Hallo i18n!",
    "dont": "Ich gebe kein Element aus",
    "angularLogo": "Eckiges Logo",
    "meaningAndDescription": "Bedeutung und Beschreibung Hallo i18n!",
    "helloHello": "Hallo hallo",
    "process": "DE2 Verfahren",
    "varName": "Variable Nom",
    "helloWorld": "Hallo, Welt!",
    "var1": "DE1 {var1_name} ist nicht richtig",
    "var2Name": "Dies ist Variable1 {var2_name}",
    "var2": "Dies ist Variable2",
    "var3": "Dies ist Variable3 {placeholder_name}",
    "helloNgxExtra": "Hallo i18n! akjsdaksjd",
    "athlete": "Athlet",
    "country": "Land",
    "year": "Jahr",
    "sport": "Sport",
    "gold": "Gold",
    "silver": "Silber",
    "bronze": "Bronze",
    "age": "Das Alter",
    "total": "Gesamt",
    "date": "Datum",
    "selectAnOption": "Wähle eine Option",
    "unique": "Einzigartig",
    "required": "Erforderlich",
    "extra": "Ekstra",
    "dateColumn": "Datumsspalte",
    "autoCompleteSync": "AutoComplete mit synchronen Daten",
    "autoCompleteAsync": "AutoComplete mit asynchronen Daten",
    "autoCompleteNonStrict": "AutoComplete nicht streng",
    "uniqueCaseSensitive": "Einzigartige Groß-/Kleinschreibung",
    "requiredWhenEditable": "Erforderlich, wenn bearbeitbares Datum nicht leer ist",
    "options": "Optionen",
    "delete": "Löschen",
    "save": "Speichern",
    "info": "Die Info",
    "components": "Komponenten",
    "themes": "Themen",
    "lightMode": "Lichtmodus",
    "darkMode": "Dunkler Modus",
    "gridTheme": "Grid-Thema",
    "charts": "Diagramme",
    "language": "Sprache",
    "gridMenuDesc": "Um das Gitter anzurufen",
    "lazyLoadingComponent": "Lazy-Loading-Komponente",
    "dashboardMenuDesc": "Dies ist ein einfaches Dashboard",
    "appsMenuDesc": "Dies ist eine einfache Anwendung",
    "usersMenuDesc": "Kopfzeile für einfache Einstellungen",
    "balham": "Balham",
    "alpine": "Alpin",
    "classic": "Klassisch",
    "blue": "Blau",
    "bootstrap": "Bootstrap",
    "chart": "Diagramm ",
    "chartTheme": "Diagrammthema",
    "animated": "Animiert",
    "micro": "Mikro",
    "responsive": "Reaktionsschnell",
    "dataviz": "Dataviz",
    "frozen": "Gefroren",
    "kelly": "Kelly",
    "material": "Material",
    "moonrise": "Mondaufgang",
    "spirited": "Temperamentvoll",
    "sizeToFitColumns": "Größe passend für Spalten",

    "imALazyChild": "Ich bin ein faules Kind",
    "anotherLazyChild": "Ein weiteres faules Kind",
    "columns": "Spalten",
    "filters": "Filter",
    "viewSettings": "Einstellungen anzeigen",
    "clearColumnsAndSorting": "Übersichtliche Spaltenanordnung und Sortierung",
    "saveColumnsAndSorting": "Spaltenanordnung und -sortierung speichern",
    "clearFilters": "Filter löschen",
    "saveFilters": "Filter speichern",
    "clearTheme": "Klares Thema",
    "saveTheme": "Thema speichern",
    "searchGrid": "Grid-Inhalte durchsuchen",
    "things": "{count, plural, =0{Es gibt} one{Da ist} other{Es gibt}} {count, plural, =0{} one{eine} other{mehrere}} {count, plural, =0{nichts} one{Sache} other{Dinge}}",
    "people": "{gender, select, male{Er ist} female{Sie ist} other{Sie sind}} {how}",
    "influential": "Einflussreich",
    "funny": "Lustig",
    "affectionate": "Liebevoll"
  },
  "routes": {
      "grid-server-side": "grid-server-side"
  }
}