{
  "locale": "fr",
  "titles": {
    "home": "FR Home",
    "grid":"FR Grid Client Side",
    "grid2":"FR Grid Server Side2",
    "grid-server-FR side":"FR Grid Server Side",
    "localize": "FR Localize",
    "lazy": "FR Lazy",
    "subLazy": "FR Yet Another Lazy",
    "charts": "FR Charts"
  },
  "translations": {
    "appLocalizeComplex": "FR App Localize Complex",
    "appLocalizeComplex2": "FR App Localize Complex 2 {interpolation1} and {interpolation2}",
    "gridOptions": "FR Grid Options",
    "gridServerSide": "FR Grid Server Side",
    "search": "FR Search",
    "globalHeader": "FR Today is: {dateToday}",
    "clientSide": "FR Client Side",
    "serverSide": "FR Server Side",
    "dashboard": "FR Dashboard",
    "grids": "FR Grids",
    "lazy": "FR Lazy",
    "applications": "FR Applications",
    "usersMngt": "FR Users Management",
    "tests": "FR Tests",
    "configs": "FR Configurations",
    "grid": "FR Grid",
    "gridContextView": "FR View Item",
    "interpolation1": "FR Hello, World! {normalVariable}",
    "interpolation2": "FR String To Translate {translateVariable}",
    "helloNgx": "FR Hello i18n!",
    "dont": "FR I don't output any element",
    "angularLogo": "FR Angular logo",
    "meaningAndDescription": "FR Meaning and Description Hello i18n!",
    "helloHello": "FR Hello hello",
    "process": "FR Process",
    "varName": "FR Variable Name",
    "helloWorld": "FR Hello, World!",
    "var1": "FR {var1_name} is not right",
    "var2Name": "FR This is Variable1 {var2_name}",
    "var2": "FR This is Variable2",
    "var3": "FR This is Variable3 {placeholder_name}",
    "helloNgxExtra": "FR Hello i18n! akjsdaksjd",
    "athlete": "FR Athlete",
    "country": "FR Country",
    "year": "FR Year",
    "sport": "FR Sport",
    "gold": "FR Gold",
    "silver": "FR Silver",
    "bronze": "FR Bronze",
    "age": "FR Age",
    "total": "FR Total",
    "date": "FR Date",
    "selectAnOption": "FR Select an option",
    "unique": "FR Unique",
    "required": "FR Required",
    "extra": "FR Extra",
    "dateColumn": "FR Date Column",
    "autoCompleteSync": "FR AutoComplete with Synchronous Data",
    "autoCompleteAsync": "FR AutoComplete with Asynchronous Data",
    "autoCompleteNonStrict": "FR AutoComplete non-Strict",
    "uniqueCaseSensitive": "FR Unique Case Sensitive",
    "requiredWhenEditable": "FR Required when Editable Date is not empty",
    "options": "FR Options",
    "delete": "FR Delete",
    "save": "FR Save",
    "info": "FR Info",
    "components": "FR Components",
    "themes": "FR Themes",
    "lightMode": "FR Light Mode",
    "darkMode": "FR Dark Mode",
    "gridTheme": "FR Grid Theme",
    "charts": "FR Charts",
    "language": "FR Language",
    "gridMenuDesc": "FR To call the grid",
    "lazyLoadingComponent": "FR Lazy Loading Component",
    "dashboardMenuDesc": "FR This is a simple Dashboard",
    "appsMenuDesc": "FR This is a simple application",
    "usersMenuDesc": "FR Simple settings header",
    "balham": "FR Balham",
    "alpine": "FR Alpine",
    "classic": "FR Classic",
    "blue": "FR Blue",
    "bootstrap": "FR Bootstrap",
    "chart": "FR Chart ",
    "chartTheme": "FR Chart Theme",
    "animated": "FR Animated",
    "micro": "FR Micro",
    "responsive": "FR Responsive",
    "dataviz": "FR Dataviz",
    "frozen": "FR Frozen",
    "kelly": "FR Kelly",
    "material": "FR Material",
    "moonrise": "FR Moonrise",
    "spirited": "FR Spirited",
    "sizeToFitColumns": "FR Size to Fit Columns",
    "imALazyChild": "FR I'm a Lazy Child",
    "anotherLazyChild": "FR Another Lazy Child",
    "columns": "FR Columns",
    "filters": "FR Filter",
    "viewSettings": "FR View Settings",
    "clearColumnsAndSorting": "FR Clear columns arrangement and sorting",
    "saveColumnsAndSorting": "FR Save columns arrangement and sorting",
    "clearFilters": "FR Clear filters",
    "saveFilters": "FR Save filters",
    "clearTheme": "FR Clear theme",
    "saveTheme": "FR Save theme",
    "searchGrid": "FR Search Grid Contents",
    "things": "FR There {count, plural, =0{is} one{is} other{are}} {count, plural, =0{} one{a} other{several}} {count, plural, =0{nothing} one{thing} other{things}}",
    "people": "FR {gender, select, male{He is} female{She is} other{They are}} {how}",
    "influential": "FR Influential",
    "funny": "FR Funny",
    "affectionate": "FR Affectionate"
  },
  "routes": {
    "grid-server-side": "FR grid-server-side"
  }
}