{
  "locale": "en",
  "titles": {
    "home": "Home",
    "grid":"Grid Client Side",
    "grid2":"Grid Server Side2",
    "grid-server-side":"Grid Server Side",
    "localize": "Localize",
    "lazy": "Lazy",
    "subLazy": "Yet Another Lazy",
    "charts": "Charts"
  },
  "translations": {
    "appLocalizeComplex": "App Localize Complex",
    "appLocalizeComplex2": "App Localize Complex 2 {interpolation1} and {interpolation2}",
    "gridOptions": "Grid Options",
    "gridServerSide": "Grid Server Side",
    "search": "Search",
    "globalHeader": "Today is: {dateToday}",
    "clientSide": "Client Side",
    "serverSide": "Server Side",
    "dashboard": "Dashboard",
    "grids": "Grids",
    "lazy": "Lazy",
    "applications": "Applications",
    "usersMngt": "Users Management",
    "tests": "Tests",
    "configs": "Configurations",
    "grid": "Grid",
    "gridContextView": "View Item",
    "interpolation1": "Hello, World! {normalVariable}",
    "interpolation2": "String To Translate {translateVariable}",
    "helloNgx": "Hello i18n!",
    "dont": "I don't output any element",
    "angularLogo": "Angular logo",
    "meaningAndDescription": "Meaning and Description Hello i18n!",
    "helloHello": "Hello hello",
    "process": "Process",
    "varName": "Variable Name",
    "helloWorld": "Hello, World!",
    "var1": "{var1_name} is not right",
    "var2Name": "This is Variable1 {var2_name}",
    "var2": "This is Variable2",
    "var3": "This is Variable3 {placeholder_name}",
    "helloNgxExtra": "Hello i18n! akjsdaksjd",
    "athlete": "Athlete",
    "country": "Country",
    "year": "Year",
    "sport": "Sport",
    "gold": "Gold",
    "silver": "Silver",
    "bronze": "Bronze",
    "age": "Age",
    "total": "Total",
    "date": "Date",
    "selectAnOption": "Select an option",
    "unique": "Unique",
    "required": "Required",
    "extra": "Extra",
    "dateColumn": "Date Column",
    "autoCompleteSync": "AutoComplete with Synchronous Data",
    "autoCompleteAsync": "AutoComplete with Asynchronous Data",
    "autoCompleteNonStrict": "AutoComplete non-Strict",
    "uniqueCaseSensitive": "Unique Case Sensitive",
    "requiredWhenEditable": "Required when Editable Date is not empty",
    "options": "Options",
    "delete": "Delete",
    "save": "Save",
    "info": "Info",
    "components": "Components",
    "themes": "Themes",
    "lightMode": "Light Mode",
    "darkMode": "Dark Mode",
    "gridTheme": "Grid Theme",
    "charts": "Charts",
    "language": "Language",
    "gridMenuDesc": "To call the grid",
    "lazyLoadingComponent": "Lazy Loading Component",
    "dashboardMenuDesc": "This is a simple Dashboard",
    "appsMenuDesc": "This is a simple application",
    "usersMenuDesc": "Simple settings header",
    "balham": "Balham",
    "alpine": "Alpine",
    "classic": "Classic",
    "blue": "Blue",
    "bootstrap": "Bootstrap",
    "chart": "Chart ",
    "chartTheme": "Chart Theme",
    "animated": "Animated",
    "micro": "Micro",
    "responsive": "Responsive",
    "dataviz": "Dataviz",
    "frozen": "Frozen",
    "kelly": "Kelly",
    "material": "Material",
    "moonrise": "Moonrise",
    "spirited": "Spirited",
    "sizeToFitColumns": "Size to Fit Columns",
    "imALazyChild": "I'm a Lazy Child",
    "anotherLazyChild": "Another Lazy Child",
    "columns": "Columns",
    "filters": "Filter",
    "viewSettings": "View Settings",
    "clearColumnsAndSorting": "Clear columns arrangement and sorting",
    "saveColumnsAndSorting": "Save columns arrangement and sorting",
    "clearFilters": "Clear filters",
    "saveFilters": "Save filters",
    "clearTheme": "Clear theme",
    "saveTheme": "Update theme",
    "searchGrid": "Search Grid Contents",
    "things": "There {count, plural, =0{is} one{is} other{are}} {count, plural, =0{} one{a} other{several}} {count, plural, =0{nothing} one{thing} other{things}}",
    "people": "{gender, select, male{He is} female{She is} other{They are}} {how}",
    "influential": "Influential",
    "funny": "Funny",
    "affectionate": "Affectionate"
  },
  "routes": {
    "grid-server-side": "grid-server-side"
  }
}